year,month,mp,cbi,lip,lcpi,lsp500,ebp,gs1
1989,1,,,412.98355722615315,479.74420736352135,565.3926742971297,0.4468822,9.05
1989,2,,,412.5384467735734,480.07369695320665,568.3613780365674,0.2897999,9.25
1989,3,,,412.7953404395869,480.5659046737495,567.9182357787968,0.5274453,9.57
1989,4,,,412.760040547296,481.2997033190408,571.1254489494902,0.6286969,9.36
1989,5,,,412.2074832876831,481.78592793984427,574.9170031119376,0.4435934,8.98
1989,6,,,412.20521374366683,482.10876922105615,577.9848053257002,0.7109236,8.44
1989,7,,,411.23416389237553,482.4305715904762,580.4924103312405,0.9570043,7.89
1989,8,,,412.2035926092618,482.4305715904762,584.8200228567554,0.6917687,8.18
1989,9,,,411.8702159351465,482.6712455935327,585.0275336670169,0.6951949,8.22
1989,10,,,411.74326361960823,483.15086281988204,585.0476853807004,0.6066308,7.99
1989,11,,,412.0793355401454,483.54879410503014,582.9592467181436,0.6789326,7.77
1989,12,,,412.64696480273545,483.86600293564453,585.383907086288,0.5812494,7.72
1990,1,,,412.1233135907766,484.8116364598481,582.8857378423127,0.3125697,7.92
1990,2,0.00879682,-0.00930109,413.02762185069247,485.2030263919617,580.0455361916462,0.4295162,8.11
1990,3,-0.00279028,-0.02374881,413.50321477098663,485.67068118035183,582.4435462132321,0.4587967,8.35
1990,4,0.0,0.0,413.2781314312041,485.9036909945142,582.3578298110283,0.1945614,8.4
1990,5,-0.00895468,-0.00286764,413.57311973028675,486.05872978525963,585.8647185217117,0.0934677,8.32
1990,6,0.0,0.0,413.91251113164316,486.6764923676554,588.7186778401394,0.1514804,8.1
1990,7,-0.03687864,-0.03303149,413.74599249619644,487.13732267627483,588.618736131146,0.0737077,7.94
1990,8,-0.0117553,0.0117553,414.1075464709707,487.97670188912167,580.1362802995066,-0.205866,7.78
1990,9,0.0,0.0,414.1290169098374,488.65826454262765,575.3873379796771,-0.002514,7.76
1990,10,0.03268122,-0.04398406,413.5123355809209,489.33521334815237,572.7238550692542,0.2266309,7.55
1990,11,0.02263789,-0.01824147,412.25675211658404,489.55984841078975,575.349285022186,0.3018571,7.31
1990,12,-0.12283687,-0.02303986,411.5592223385132,489.93312245375813,579.5297583491974,0.3948191,7.05
1991,1,-0.08348146,-0.04038844,411.22532402653934,490.3050083416319,578.5331739210488,0.4329496,6.64
1991,2,-0.06157685,-0.06169719,410.4933303109596,490.37921984782065,589.236218606477,0.333044,6.27
1991,3,-0.08705614,-0.01465499,409.92873266112565,490.37921984782065,591.964625931751,0.2625315,6.4
1991,4,-0.13024134,-0.05469361,410.18562785059396,490.6015244966153,593.9328792687453,0.2160044,6.24
1991,5,0.01578266,-0.01311561,411.18356965461845,490.97093755062946,593.4867740243193,0.2021066,6.13
1991,6,0.0,0.0,411.98725981069566,491.26548857360524,593.5661097242545,0.1047154,6.36
1991,7,0.00650962,0.00587459,412.26096477139976,491.41243937154115,594.0776332780458,0.2187326,6.31
1991,8,-0.0733355,-0.01579275,412.2752216710342,491.70569471366895,596.4607092938099,0.1556082,5.78
1991,9,0.00241251,-0.00015026,413.0948071431773,491.9980925828125,595.8941355402421,0.1756257,5.57
1991,10,-0.00908938,-0.01125064,412.990152073328,492.14397152917843,595.8114567426428,0.1756065,5.33
1991,11,-0.0539743,-0.04508619,412.857528193826,492.58033585795584,595.5630094098766,0.1830997,4.89
1991,12,-0.15877329,-0.11489033,412.4000447129611,492.87019113335697,596.2318909502173,0.2187491,4.38
1992,1,0.0,0.0,411.8749328510652,492.94252386707126,603.0877549464817,0.0685688,4.15
1992,2,0.00012452,0.00443871,412.58303093013683,493.15920867558026,602.2381649742704,0.1105865,4.29
1992,3,0.0,0.0,413.42109002481175,493.5193098929397,600.9697315369042,0.0530354,4.63
1992,4,-0.16496127,-0.0921324,414.18624888690425,493.73474983264236,600.9820049392295,0.048107,4.3
1992,5,0.00899076,0.00326949,414.51454020404685,493.9497266262916,602.7820584068636,0.012596,4.19
1992,6,0.0,0.0,414.5709187398883,494.2356453342962,601.1928720240336,-0.005313,4.17
1992,7,-0.04900578,-0.02245107,415.47307242367077,494.5207488773801,602.8398994901045,-0.077832,3.6
1992,8,0.00104445,0.00416243,414.91515098273766,494.73404437239424,603.5313954386244,0.0974334,3.47
1992,9,-0.00172361,-0.00258025,415.23524299886986,494.94688588587684,603.6629099062355,0.1881511,3.18
1992,10,0.0128666,-0.01021388,415.9161169690083,495.37121466966346,602.2236205774735,0.1331945,3.3
1992,11,-0.01591161,0.00675187,416.2980925723187,495.65310351030547,604.6993856900463,0.0655688,3.68
1992,12,-0.00016151,-0.009357,416.44907683628765,495.7937505095806,607.6816214207486,0.1292791,3.71
1993,1,0.0,0.0,416.84233672838,496.14450499054846,607.5874626989436,0.0786295,3.5
1993,2,-0.00086224,-0.0069755,417.325124024285,496.35436865624047,609.0630918602482,0.0470566,3.39
1993,3,0.00945213,-0.00060358,417.2272728134855,496.49403348341264,610.9603075125024,0.0198487,3.33
1993,4,0.0,0.0,417.5037827467933,496.84234452869464,609.3750340648733,0.0471607,3.24
1993,5,-0.02175983,-0.00194865,417.13148625746214,497.1201224850849,609.8635922169772,0.0189288,3.36
1993,6,0.0,0.0,417.35807909327303,497.1894465779825,610.4927152018784,-0.061244,3.54
1993,7,-0.01760772,0.01984267,417.61426513885766,497.3279507552487,610.3207153828511,-0.068575,3.47
1993,8,0.00471778,-0.00206506,417.5034752541193,497.53534799516166,611.8383500665175,-0.037451,3.44
1993,9,0.00141604,0.00167815,418.01383927472057,497.67337424205743,612.9572949225611,0.0207024,3.36
1993,10,0.0,0.0,418.7576827079942,498.08631357625853,613.9669011757697,-0.022485,3.39
1993,11,-0.00320467,0.00242009,419.2221142970182,498.3606621708336,613.7489444865879,-0.142327,3.58
1993,12,-0.01119894,-0.00915087,419.80001252738913,498.56593080260785,614.4078332231664,-0.152323,3.61
1994,1,0.0,0.0,420.109061757634,498.56593080260785,615.9074246619397,-0.236454,3.54
1994,2,0.10454645,0.02816949,420.1731523251875,498.83896851489357,615.6088758942902,-0.450852,3.87
1994,3,-0.03300314,0.00227884,421.1688983182602,499.1112627607392,613.9474985606677,-0.334671,4.32
1994,4,0.10493294,0.02376284,421.7604424497753,499.17922062947764,610.3073003669565,-0.286784,4.82
1994,5,-0.03813264,0.02408293,422.22539308441316,499.38281757798745,611.1245585427039,-0.292704,5.31
1994,6,0.0,0.0,422.8948296349568,499.6536369716754,611.99237227616,-0.339621,5.27
1994,7,0.00568433,-0.02153282,423.0210519295831,499.991133073328,611.2353864383435,-0.319925,5.48
1994,8,0.00298745,0.0336121,423.6830327852182,500.3946305945459,614.0401659882353,-0.258448,5.56
1994,9,-0.00542709,-0.02584353,423.9793203184029,500.5957704545144,614.6243600895535,-0.415256,5.76
1994,10,0.0,0.0,424.7889344244636,500.6627272698717,613.9474985606677,-0.304292,6.11
1994,11,0.05857848,0.00509614,425.4602270418216,500.930107108312,613.3419734735351,-0.270168,6.54
1994,12,-0.03069948,-0.01820608,426.44712293577464,501.1301738639416,612.071491420526,-0.197674,7.14
1995,1,0.0,0.0,426.63842748850993,501.396308418893,614.257489552236,-0.240935,7.05
1995,2,0.04204957,0.01174183,426.5152873002585,501.66173657738034,617.7778125171474,-0.290766,6.7
1995,3,0.01808665,-0.00039371,426.661017147453,501.86034637454327,620.0813387400003,-0.302635,6.43
1995,4,0.0,0.0,426.48437314020293,502.25638649615297,623.0304266528516,-0.244628,6.27
1995,5,-0.00230875,-0.00729967,426.9693253886964,502.45381992652466,626.112902314758,-0.340945,6.0
1995,6,0.0,0.0,427.2946710584261,502.6508643252546,629.0364710821439,-0.150172,5.64
1995,7,-0.13733185,-0.10167219,426.87655470821016,502.7820118850356,632.3229292286188,-0.328213,5.59
1995,8,0.0316826,0.00991627,428.18236294978027,502.9784112935016,632.6346233760684,-0.196399,5.75
1995,9,0.03997323,0.02074585,428.5712576151888,503.1091302663638,636.0905162038778,-0.174372,5.62
1995,10,0.0,0.0,428.4049902777508,503.37005670272515,636.8049955665496,-0.126473,5.59
1995,11,0.01552012,0.00823925,428.65751948928363,503.50026505445504,638.9451765360188,-0.04414,5.43
1995,12,-0.04166345,-0.01103284,428.9963427743119,503.6303040844833,642.0922836269428,-0.053954,5.31
1996,1,-0.02503455,-0.01843281,428.45681489119096,504.148775757902,642.0678733386989,-0.098278,5.09
1996,2,0.0,0.0,429.8926236191464,504.3425116919247,647.6264420049582,-0.330071,4.94
1996,3,-0.00089907,0.01815079,429.74772245551713,504.66457316192884,647.2454480302392,-0.354045,5.34
1996,4,0.0,0.0,430.7425656397225,505.04968275213866,647.2609011147056,-0.304027,5.54
1996,5,0.02009873,-0.00288287,431.5007706535373,505.24168281112105,649.4101736968405,-0.337248,5.64
1996,6,0.0,0.0,432.2443813744401,505.4333149361975,650.5036396541998,-0.288765,5.81
1996,7,-0.02379578,-0.00551917,432.24597345226084,505.6245805348308,646.7807415849583,-0.34205,5.85
1996,8,0.00625606,-0.00930408,432.75136890832783,505.7518879995106,649.6292219070336,-0.376642,5.67
1996,9,-0.05640173,-0.05536161,433.37577096357285,506.06944939689924,651.4534897290409,-0.39466,5.83
1996,10,0.0,0.0,433.35674782153524,506.3860055333554,655.3163877246783,-0.32398,5.55
1996,11,-0.0224027,0.00792766,434.2470765362049,506.7015627532363,660.078164861597,-0.29504,5.42
1996,12,0.00102528,-0.0062103,434.8692163556932,506.9532935343741,661.1032461878208,-0.403399,5.47
1997,1,0.0,0.0,435.0452114737754,507.1416766356115,664.1469334771085,-0.328454,5.61
1997,2,0.0187786,-0.01740172,436.2149129574429,507.3297055220967,668.2597199868715,-0.480152,5.53
1997,3,0.05816747,0.00408226,436.84308798293995,507.3923033332174,667.4763391613113,-0.513409,5.8
1997,4,0.0,0.0,436.92554288915017,507.45486198399084,663.8476161932225,-0.464358,5.99
1997,5,-0.06697262,-0.00934051,437.4871094751711,507.45486198399084,672.5141679547881,-0.461341,5.87
1997,6,0.0,0.0,437.94871629432885,507.6423034634259,677.5697086379666,-0.570003,5.69
1997,7,-0.01624992,0.00505295,438.7842191494564,507.7670695432414,683.0107201890846,-0.540522,5.54
1997,8,0.02507907,-0.01926734,439.7930741231174,508.0161356744866,683.2751521116785,-0.497563,5.56
1997,9,0.00627015,-0.01660065,440.7117948260252,508.2645830072527,684.2704626727809,-0.587665,5.52
1997,10,0.0,0.0,441.6012516127041,508.4505142662711,685.7682292347697,-0.43896,5.46
1997,11,0.00351711,-0.03831418,442.39719979790834,508.5742766583061,684.4730278560687,-0.357204,5.46
1997,12,0.00296479,-0.00710998,442.8242058470845,508.6361004624392,686.9398992104784,-0.40222,5.53
1998,1,0.0,0.0,443.2676972409095,508.75963352323834,687.0427173716138,-0.356317,5.24
1998,2,0.022835,2.34e-6,443.44601537581127,508.75963352323834,693.1217867109804,-0.354581,5.31
1998,3,0.00789222,-0.00827199,443.48799615776835,508.75963352323834,698.1776818829265,-0.410952,5.39
1998,4,0.0,0.0,443.8334895569537,508.88301416813124,701.4095314753464,-0.439388,5.38
1998,5,-0.00253442,-0.01796709,444.4845318363499,509.12931971137107,701.0690856853458,-0.393968,5.44
1998,6,0.0,0.0,443.88900744577046,509.252245356844,701.0663790934411,-0.363801,5.41
1998,7,-0.01028813,-0.00705219,443.49096023610326,509.49764425300066,705.3222653511665,-0.322377,5.36
1998,8,0.00021571,0.00598107,445.5295683601326,509.62011824259025,697.9722389697928,0.0836944,5.21
1998,9,0.05958983,-0.02351278,445.4374040081935,509.6812990337308,692.8185160493645,0.0580484,4.71
1998,10,-0.22487991,0.02472222,446.1195884070701,509.92564857497837,693.9709268722991,0.1925497,4.12
1998,11,-0.05484585,0.02136073,446.0277353077913,510.04759980960455,704.2661975442634,0.1747691,4.53
1998,12,0.0032976,-0.01144046,446.43148961263427,510.230248262208,708.1750602029617,0.0412671,4.52
1999,1,0.0,0.0,446.843939502832,510.4125637183595,712.9914345850525,0.0464716,4.51
1999,2,-0.00513228,0.01514,447.4218320663356,510.4125637183595,712.8159080607352,-0.213627,4.7
1999,3,-0.002741,-0.02280238,447.6342001634136,510.47326174753715,715.5911391697639,-0.189158,4.78
1999,4,0.0,0.0,447.856560466077,511.13851971963993,719.6506779391938,-0.231368,4.69
1999,5,0.13349271,-0.03159376,448.46768557994017,511.19877883565437,719.4489402272051,-0.235324,4.85
1999,6,-0.14761526,0.04317166,448.4022370804933,511.19877883565437,718.7316970201147,-0.173645,5.1
1999,7,0.0,0.0,448.98693172050974,511.6195789756748,723.0555912253459,-0.128053,5.03
1999,8,-0.03164363,0.03893342,449.42464464792744,511.8592435601348,719.1045220131036,-0.061728,5.2
1999,9,0.0,0.0,449.0100465959325,512.2772794033107,718.3999690052864,0.0614364,5.25
1999,10,0.0801785,-0.01655772,450.28151493500934,512.455904041457,717.0127235727736,0.0821914,5.43
1999,11,0.05714883,0.01858922,450.81393266634757,512.6342101808226,723.7778191923443,0.0387869,5.55
1999,12,-0.01280957,0.04500721,451.6102878839842,512.8714582161857,726.4506220033015,-0.190705,5.84
2000,1,0.0,0.0,451.53461298497257,513.167228913909,726.2341042101594,0.0011811,6.12
2000,2,0.01707833,-0.02291815,451.87895191499007,513.5798437050262,723.6245745861692,0.070338,6.22
2000,3,-0.00150722,-0.00620385,452.2690344247799,514.166355650266,727.3931938309681,0.332582,6.22
2000,4,0.0,0.0,452.9000551607008,514.1078590121546,728.7122787968428,0.4893596,6.15
2000,5,0.06791757,-0.00875011,453.18970959924815,514.2832463707641,725.7341154748733,0.6735801,6.33
2000,6,-0.03362769,-0.00148634,453.2618847804663,514.865659199363,728.7533280154316,0.72827,6.17
2000,7,0.0,0.0,453.0848498691223,515.1555985152633,729.505641646263,0.8105189,6.08
2000,8,0.03319831,0.01418896,452.8191944704041,515.1555985152633,730.3479767579506,0.9968584,6.18
2000,9,0.0,0.0,453.24134543437333,515.675380222625,729.1690268539937,1.0947281,6.13
2000,10,0.03241647,0.00615842,452.87210138246854,515.8480421360238,723.7159740477338,1.5061524,6.01
2000,11,0.04400416,-0.03787128,452.8941196836513,516.0204064418402,722.623810058663,1.5688233,6.09
2000,12,0.04411346,-0.02270342,452.5539143568785,516.2497643405502,719.3633224976039,1.575035,5.6
2001,1,-0.33434755,0.14139377,452.0600915536491,516.8208681201016,719.7158369632151,1.1507927,4.81
2001,2,0.0,0.0,451.39875760351043,517.0483995038152,717.4532867316408,1.1441309,4.68
2001,3,0.0021253,-0.06941443,451.1502157115569,517.105201550216,707.8215096010904,1.072095,4.3
2001,4,-0.38990668,-0.11295039,450.7980641283356,517.2754143572691,708.1574123284342,0.8743772,3.98
2001,5,-0.09584866,-0.05141884,450.27021497421475,517.7843213080163,714.7063475604469,0.7279589,3.78
2001,6,0.07394064,0.01153445,449.73744854507044,518.0096735160606,712.1825794507305,0.9693387,3.58
2001,7,0.0,0.0,449.12755805785105,517.8407069875478,709.3778310192905,0.7341043,3.62
2001,8,-0.00348983,-0.08610396,449.03988605760776,517.8407069875478,707.2006207702935,0.7432607,3.47
2001,9,0.0,0.0,448.4976872945489,518.2345190295616,695.1427607438324,1.1846184,2.82
2001,10,-0.00897583,-0.05090958,448.1929660287153,517.953383055807,698.1553917582883,1.0075669,2.33
2001,11,-0.12646456,-0.04990292,447.6040520106129,517.8970608915471,702.9689685760997,-0.207184,2.18
2001,12,-0.05178598,-0.02018197,447.56513038938886,517.8407069875478,704.3098778748318,0.3407877,2.22
2002,1,0.01530242,0.0108524,448.25889071526086,518.0096735160606,703.8967734950181,0.5333809,2.16
2002,2,0.0,0.0,448.2525602133178,518.1783550292085,700.3674364274973,0.7199524,2.23
2002,3,-0.01501768,-0.05542402,449.00567088873623,518.4588601219693,705.0807454771883,0.2013306,2.57
2002,4,0.0,0.0,449.4804945338258,518.9060380611087,701.3942452863882,0.3416034,2.48
2002,5,0.00138627,-0.03427577,449.90849633491405,519.0175207928334,698.4040165651421,0.4483583,2.35
2002,6,0.03155051,-0.02592194,450.72662452923964,519.07321558681,692.1707492600141,0.89426,2.2
2002,7,0.0,0.0,450.6935333495019,519.295685089021,680.6375717688874,1.5080288,1.96
2002,8,-0.01488055,-0.08681227,450.5907706125331,519.5730777772936,681.624287847603,1.4227093,1.76
2002,9,0.05396967,-0.06657141,450.68658281030827,519.7391447958076,676.5972796690344,1.5951937,1.72
2002,10,0.0,0.0,450.4230992973743,519.9601393608879,675.0668626736077,1.4000871,1.65
2002,11,-0.01938061,-0.08331541,450.97016936529985,520.1255653704904,681.3367673475241,0.9819428,1.49
2002,12,0.02681831,-0.00876987,450.4140279690712,520.2907181743378,680.1483236899187,0.8668787,1.45
2003,1,0.01206695,0.03105128,451.23627716518183,520.7297968160868,679.7761825600583,0.8374945,1.36
2003,2,0.0,0.0,451.3608471899643,521.275947818639,673.0564537017199,0.6205313,1.3
2003,3,0.02932688,-0.02225155,451.08660999017076,521.4392131610276,674.1251951715178,0.1033863,1.24
2003,4,0.0,0.0,450.4588234783239,521.057845224003,679.1255170023256,0.030336,1.27
2003,5,-0.05249047,-0.03710189,450.4244267398131,520.893955539682,684.157274052169,-0.537267,1.18
2003,6,0.08285353,0.0584434,450.55664018426256,521.0032451680464,689.5682697747868,-0.411813,1.01
2003,7,0.0,0.0,451.0715540110228,521.330399222108,690.0267314016234,-1.13983,1.12
2003,8,-0.01261698,-0.02172312,450.85854943384834,521.7649463480582,689.7230082925626,-0.230189,1.31
2003,9,-0.00763667,0.00425623,451.5047428214876,522.0896219579453,692.7008735904024,-0.586818,1.24
2003,10,-0.0398052,-0.04141363,451.63925227601914,521.9815138393079,694.5754092073348,-0.549993,1.25
2003,11,0.0,0.0,452.3162632602184,522.0355825078325,695.6450200520895,-0.591718,1.34
2003,12,0.0211188,0.00726002,452.36694158579303,522.3054882047489,698.5308737197203,-0.548712,1.31
2004,1,0.11745744,0.00809439,452.5334456893011,522.7358277607543,703.2200517245402,-0.735801,1.24
2004,2,0.0,0.0,453.1518263673985,522.9503050547677,704.1726574835045,-0.354229,1.24
2004,3,-0.02608672,-0.0324192,452.7606403239727,523.1643233280045,702.4631236701023,-0.546721,1.19
2004,4,0.0,0.0,453.1477358419162,523.3245369804322,703.2694867537955,-0.798504,1.43
2004,5,-0.01869999,0.0247886,453.88647714800373,523.750522715128,700.5589543330491,-0.408187,1.78
2004,6,-0.02950979,0.00237064,453.1147902470685,524.1217774507464,703.2412411581554,-0.412947,2.12
2004,7,0.0,0.0,453.84981906119873,524.2275975664412,700.8369549014731,-0.343106,2.1
2004,8,0.04267656,0.00665708,453.93519129839774,524.2804656617777,699.2960024996364,-0.424133,2.02
2004,9,-0.00879301,-0.0053021,454.0474852556115,524.5970886175828,701.8992492972694,-0.575399,2.12
2004,10,0.0,0.0,454.9335013924515,525.1225759014186,701.9359263561805,-0.536935,2.23
2004,11,-0.02110529,-0.00710592,455.1785231920607,525.5931650051599,706.3852634235259,-0.697357,2.5
2004,12,-0.01108851,-0.00334776,455.9560708068839,525.5931650051599,708.9418285646215,-0.751644,2.67
2005,1,0.0,0.0,456.30817648881117,525.540986553676,707.4463919370916,-0.725014,2.86
2005,2,-0.00809971,-0.00580144,457.02774535998907,525.9576538231606,708.9768454898264,-0.996369,3.03
2005,3,0.05382629,0.01337349,456.8864021408789,526.3208189434469,708.5817778855709,-0.709385,3.3
2005,4,0.0,0.0,457.09378899673567,526.6310570412951,705.9978387952059,-0.452431,3.32
2005,5,-0.03419972,0.03978841,457.18729344449207,526.5794174842478,707.1811026969199,-0.364474,3.33
2005,6,0.04792104,-0.00131502,457.6238676957015,526.6310570412951,709.1958397860755,-0.51666,3.36
2005,7,0.0,0.0,457.3057034171627,527.2486606513514,710.8440519793049,-0.620973,3.64
2005,8,-0.02262162,0.00290727,457.63426363162046,527.86247332023,711.0100026981559,-0.592519,3.87
2005,9,0.02121619,0.00332678,455.678214095792,529.2299294222473,711.1438704339887,-0.516328,3.85
2005,10,0.0,0.0,456.89324593035,529.3807211070151,708.3354290015266,-0.365562,4.18
2005,11,-0.00985078,0.01626548,457.9868788125565,528.8771953704505,712.0743438419604,-0.369775,4.33
2005,12,-0.04484444,0.01789893,458.4684785655442,528.8771953704505,714.0508509074779,-0.334747,4.35
2006,1,0.02840183,0.00123353,458.6262558060464,529.4811227218748,715.361485658008,-0.384008,4.45
2006,2,0.0,0.0,458.66874272820246,529.5312857527738,715.199473859108,-0.366033,4.68
2006,3,0.05983945,-0.01415822,458.8952385515257,529.681624042177,716.5292527515207,-0.453735,4.77
2006,4,0.0,0.0,459.1908639104898,530.1811255802293,717.179506206095,-0.485792,4.9
2006,5,0.03669583,0.0136904,459.21599182996954,530.4796332645747,716.2397497355718,-0.386787,5.0
2006,6,-0.05356927,0.01094815,459.55217895481405,530.7277107919509,713.3391720462037,-0.41008,5.16
2006,7,0.0,0.0,459.48683033478346,531.2713246831769,713.9057457997714,-0.308923,5.22
2006,8,-0.00542162,-0.03483816,459.91993962469024,531.7139120788624,716.018575092124,-0.308675,5.08
2006,9,0.02479889,-0.00710418,459.73859674188776,531.2220271717028,718.3726546855845,-0.390159,4.97
2006,10,-0.00074483,-0.00964962,459.6360494358594,530.7772525318792,721.7722189611761,-0.400931,5.01
2006,11,0.0,0.0,459.6092104614717,530.8267697401205,723.6072928579534,-0.386043,5.01
2006,12,-0.03160993,-0.00050274,460.62945536498006,531.3698468586339,725.5887840443057,-0.520954,4.94
2007,1,-0.0327017,0.02467783,460.27131699949166,531.5356374642572,726.1337445210621,-0.567627,5.06
2007,2,0.0,0.0,461.2310632216353,531.9227223776111,727.5719261265568,-0.575391,5.05
2007,3,-0.09002412,0.00723751,461.4082354374666,532.4413871269311,724.9179519880248,-0.382816,4.92
2007,4,0.0,0.0,462.07708601766655,532.741004075131,728.868859490097,-0.38559,4.93
2007,5,0.02619477,0.01016162,462.1308263880165,533.1534517408234,732.0619611852243,-0.635533,4.91
2007,6,0.02230824,-0.01029182,462.15817760935016,533.3848589587692,732.2834027606273,-0.418542,4.96
2007,7,0.0,0.0,462.0012491990994,533.5627602054374,732.6926034146413,-0.002593,4.96
2007,8,0.04842957,-0.10096215,462.1971254286171,533.5935835254492,728.2499977110311,0.1218676,4.47
2007,9,-0.18050162,-0.02319761,462.4411871672213,534.016443549993,731.1298541527603,0.0398424,4.14
2007,10,0.05126065,0.0017851,462.14824152003916,534.3242929901029,733.9316891811576,-0.030462,4.1
2007,11,0.0,0.0,462.709506950851,535.1071093983902,728.8510941024914,0.3066972,3.5
2007,12,0.12392659,-0.08668224,462.76789523064724,535.3964917386851,729.9276961100353,0.4698945,3.26
2008,1,-0.10856453,-0.011484,462.6435468572506,535.7406692754025,722.893982348792,0.6908322,2.71
2008,2,0.0,0.0,462.2770389729071,535.9821601391479,721.1460787751763,0.9132534,2.05
2008,3,0.04815471,0.10506241,461.95739518986915,536.3393243284224,718.3066142618919,1.1096019,1.54
2008,4,-0.04922824,-0.02981619,461.26957974053585,536.5704950249732,722.2909025682021,0.6087234,1.74
2008,5,0.0,0.0,460.650529433417,537.1605002317856,724.6524874652033,0.6286956,2.06
2008,6,-0.02852883,-0.02448748,460.3897376309411,538.2028721115022,720.1357293944908,0.7559377,2.42
2008,7,0.0,0.0,459.93472656452985,538.9144786508526,713.6745703968256,1.015761,2.28
2008,8,-0.02586833,-0.00986497,458.34264960481255,538.7655201900232,715.5763135463777,1.201686,2.18
2008,9,0.0898855,0.01488821,453.85772893989315,538.8509928199904,710.4152309880637,1.6958777,1.91
2008,10,0.02774711,-0.10655624,454.85839613578463,537.9874311800346,687.6058192238883,3.2834009,1.42
2008,11,-0.14363467,0.0518334,453.54095198222274,536.2010217707528,678.3370499691191,2.9216802,1.07
2008,12,-0.2178285,-0.02799592,450.67477681914016,535.3742612653447,677.714532907086,3.1195195,0.49
2009,1,0.00652514,-0.01698188,448.1546124706698,535.6270186985713,676.3399802464841,2.677789,0.44
2009,2,0.0,0.0,447.5551130183485,535.9906229217158,669.1127950895724,3.100649,0.62
2009,3,-0.13790031,0.07753383,445.97848117164506,535.8918458675886,662.9534969208644,2.6404651,0.64
2009,4,-0.02872225,0.04549464,445.19059464898214,535.9925034428084,674.3057506941732,2.1697225,0.55
2009,5,0.0,0.0,444.1987506845486,536.139544676073,680.5068962242677,1.2888733,0.5
2009,6,0.05963358,-0.02140785,443.8815674748183,536.9660806616172,683.1003815882998,0.8601515,0.51
2009,7,0.0,0.0,445.06812823029253,536.9362796761015,684.1423150291789,0.2547729,0.48
2009,8,0.00872141,-0.02277775,446.17535232510477,537.2705656551896,691.7428343677824,0.0162975,0.46
2009,9,-0.07518751,-0.0121999,447.029045619399,537.4634682018732,695.1341449645058,-0.006842,0.4
2009,10,0.0,0.0,447.25629376392453,537.7632117017317,697.3224616775441,-0.184128,0.37
2009,11,-0.017505,-0.00723364,447.66411179920607,538.0975113562248,699.2160763581567,-0.048367,0.31
2009,12,0.00391996,-0.0022886,448.00649080265407,538.1495154717046,701.2457578062954,-0.546991,0.37
2010,1,0.00803342,0.01953791,449.07655620666736,538.2143676592892,702.4275295142868,-0.221552,0.35
2010,2,0.0,0.0,449.4290020608092,538.1191446716147,699.3162035924006,-0.023908,0.35
2010,3,-0.02930071,-0.00630006,450.13152031134894,538.1522759962044,704.9298243091741,-0.191288,0.4
2010,4,-0.01327984,0.00661474,450.49155022465976,538.175277403992,708.7841004834515,-0.311415,0.45
2010,5,0.0,0.0,451.853764632145,538.1232866875345,702.5591646549682,-0.181334,0.37
2010,6,-0.01878669,0.02254659,452.07369373132434,538.0813983997616,698.7822601737334,-0.001483,0.32
2010,7,0.0,0.0,452.45553980411694,538.2681492658975,698.4531117784186,0.1544255,0.29
2010,8,-0.04945406,0.03162549,452.8220024792776,538.4141789386214,699.1434443647091,-0.328558,0.26
2010,9,-0.03816486,0.03255994,453.10208283626184,538.5755735696871,702.29393847886,-0.029076,0.26
2010,10,0.0,0.0,452.83247781661737,538.9231534398666,706.6108544135288,0.0035441,0.23
2010,11,0.01701005,-0.01885573,452.90296881142444,539.17621712579,708.9151407699591,-0.147123,0.25
2010,12,-0.003088,-0.00155701,453.8940635866606,539.5770702696749,712.4099768973628,-0.445436,0.29
2011,1,0.00081484,-0.00873928,453.67724944892433,539.9008497577555,715.6660139919245,-0.007035,0.27
2011,2,0.0,0.0,453.26478790794124,540.221781682898,718.6235140669118,-0.288222,0.29
2011,3,-0.01291938,0.0196771,454.2958555539365,540.7378028214637,717.3567438775075,-0.335299,0.26
2011,4,-0.0155853,0.00528864,453.9640240218161,541.2061144263693,719.4068915552484,-0.277728,0.25
2011,5,0.0,0.0,454.08695032313966,541.5237808054812,719.9162902940593,-0.143332,0.19
2011,6,-0.00465258,0.00803144,454.38191128697935,541.5237808054812,716.0294512438414,-0.017902,0.18
2011,7,0.0,0.0,454.85553890675686,541.7854418573477,718.9303578250278,-0.061644,0.19
2011,8,0.03914334,-0.06545038,455.4901629535128,542.1003915862387,707.7759622732563,-0.112879,0.11
2011,9,0.06324882,-0.0093096,455.4133700727517,542.3173109318271,706.8069780513002,0.3894215,0.1
2011,10,0.0,0.0,456.1104394375429,542.3848088995246,709.6075474579492,-0.144877,0.11
2011,11,0.01309282,-0.00358251,456.09862966269344,542.5694233875741,711.1846481470872,0.4682365,0.11
2011,12,0.05302021,-0.04366954,456.6230793260508,542.5931914117709,712.554050005166,0.2333385,0.12
2012,1,-0.02703071,0.00909242,457.22285183039196,542.8652406274972,717.0565597798748,0.1504504,0.12
2012,2,0.0,0.0,457.5393219950557,543.0787571311839,720.9702616977961,0.0267935,0.16
2012,3,0.00267693,0.00534694,457.01738973755,543.2878853443237,723.6512114005637,-0.388765,0.19
2012,4,0.00098889,-0.00098889,457.72952652220374,543.4538264209313,723.4487376943969,-0.202156,0.18
2012,5,0.0,0.0,457.94369070923295,543.246794243903,720.1372205296921,-0.139563,0.19
2012,6,0.00973081,0.00647462,457.96144009715647,543.1641237641455,718.8019910106055,0.1220535,0.19
2012,7,0.0,0.0,458.1608783338431,543.1930005871957,721.5078200938894,-0.05137,0.19
2012,8,0.01626822,-0.00360493,457.7525570521517,543.7722723615079,724.6681644620929,-0.237755,0.18
2012,9,-0.02856705,0.04423799,457.6993937578397,544.2482643478538,727.4770576715101,-0.18479,0.18
2012,10,8.4e-5,-8.4e-5,458.017130150127,544.5175808232938,727.0883356593519,-0.206127,0.18
2012,11,0.0,0.0,458.40323476943087,544.3495052058861,724.0298378070875,-0.073514,0.18
2012,12,-0.02521036,0.02167142,458.68880821100504,544.3373963123214,726.0023527685967,-0.190747,0.16
2013,1,0.00289879,-0.00627765,458.67373401128407,544.5352792889694,730.0067600512001,-0.107943,0.15
2013,2,0.0,0.0,459.15113270373985,545.0768030738649,732.1393562179454,-0.046873,0.16
2013,3,-0.00559326,0.00741245,459.55944849524093,544.7952150764696,734.6545550463934,-0.116755,0.15
2013,4,0.0,0.0,459.4559086875653,544.5861988630356,735.9276658848986,-0.147895,0.12
2013,5,-0.00781193,0.00893132,459.5506644007063,544.6276058381145,740.2353955083253,-0.531918,0.12
2013,6,0.00616457,-0.00142011,459.736077173661,544.86536379031,738.9421880583878,-0.402193,0.14
2013,7,-0.00010693,-0.00398505,459.409609395178,545.0609176890296,741.9788173703192,-0.027398,0.12
2013,8,0.0,0.0,460.00541212182924,545.2993622521666,742.0632796174236,-0.133723,0.13
2013,9,-0.06758671,0.05248496,460.53801639411785,545.3370496187798,743.0807848067649,-0.152996,0.12
2013,10,0.01860349,-0.01639135,460.420672200569,545.3905584051288,745.0097011515857,-0.036307,0.12
2013,11,0.0,0.0,460.6750935944297,545.5748374496866,748.6355432357931,-0.003321,0.12
2013,12,-0.04458136,0.04590816,460.8903209577199,545.8389053990231,749.9854852132408,-0.159539,0.13
2014,1,0.02564036,-0.02238401,460.5069180887248,546.0810295707806,750.7887643373895,-0.328781,0.12
2014,2,0.0,0.0,461.26134162934153,546.1910468915507,750.4958578991847,-0.224921,0.12
2014,3,0.0202194,-0.00417166,462.2454940218276,546.3950442055756,753.0222451354342,-0.302424,0.13
2014,4,-0.00049245,0.00159852,462.32782410525164,546.5812892223319,753.0619470496953,-0.388164,0.11
2014,5,0.0,0.0,462.7315165872477,546.771408970506,754.4210407526787,-0.40193,0.1
2014,6,-0.0154742,0.022392,463.0617635568546,546.9034349983856,757.4091229265339,-0.333988,0.1
2014,7,-0.02654752,0.02073579,463.2740604938173,547.0159202386607,758.7361188975416,-0.353716,0.11
2014,8,0.0,0.0,463.1151723655094,546.9999188237647,758.1480059950186,-0.340306,0.11
2014,9,-0.0079825,0.02165802,463.41628085626974,547.0070776679934,759.7511717467972,-0.258584,0.11
2014,10,0.02838973,-0.00663013,463.4351246991484,546.987284318915,756.9035044503531,-0.252729,0.1
2014,11,0.0,0.0,464.051609407867,546.7988408604609,762.2942777418632,0.0180111,0.13
2014,12,-0.06886631,0.01944764,464.0683072100214,546.4899031946485,762.7675832677254,0.0312398,0.21
2015,1,0.01205601,-0.01793004,463.271044749198,545.8508338453997,761.4894118168819,-0.108868,0.2
2015,2,0.0,0.0,462.63111330210427,546.1039775342496,764.1180306040653,-0.361965,0.22
2015,3,-0.11641492,0.05333365,462.2881412142449,546.3730104939077,764.0118364991498,-0.192619,0.25
2015,4,-0.00551396,0.00551396,461.7350701397258,546.4772040831459,764.724200434764,-0.038309,0.23
2015,5,0.0,0.0,461.28158830136397,546.8064360535512,765.5362235331697,0.0160592,0.24
2015,6,-0.04059825,-0.00095681,460.97476931977985,547.0828457707228,764.934970777971,0.1195166,0.28
2015,7,-0.01223244,0.00294406,461.6004284619289,547.2413520611223,764.689824688424,0.1741482,0.3
2015,8,0.0,0.0,461.42934422360645,547.2409319521879,762.0641359317511,0.3737956,0.38
2015,9,-0.04320984,-0.02637128,461.14802356841136,547.0159202386607,757.27087251713,0.5074888,0.37
2015,10,0.05578484,-0.01635658,460.67319657748885,547.1148195188653,761.3231147978103,0.3980518,0.26
2015,11,0.0,0.0,459.9520255145669,547.2342099692004,764.042120520234,0.4805993,0.48
2015,12,0.00387742,0.02046458,459.45853638879174,547.1265967442488,762.7583338123413,0.653877,0.65
2016,1,0.00813876,-0.0354642,459.95453964776686,547.0807418762035,755.9351032383847,0.8918436,0.54
2016,2,0.0,0.0,459.4343791503217,546.9476858635799,755.1932779260597,0.9188393,0.53
2016,3,-0.058208,-0.02638595,458.6634455838713,547.2606751644727,761.1817671282588,0.5481752,0.66
2016,4,-0.00924227,0.0199193,458.9828095688821,547.6430078567937,763.7976639771848,0.1987022,0.56
2016,5,0.0,0.0,458.7565122279302,547.8791384359091,763.3151813757579,0.2112083,0.59
2016,6,-0.01860067,-0.02392282,459.24040444584176,548.1563495793126,764.1991618370776,0.0061795,0.55
2016,7,-0.01007823,0.01516591,459.35549900157764,548.1059668149813,767.2711362288516,-0.046975,0.51
2016,8,0.0,0.0,459.2517476998081,548.2907182229998,768.5923523839472,-0.052453,0.57
2016,9,-0.03502357,-5.02e-5,459.1630942686106,548.5526957414767,767.6793483970017,-0.119406,0.59
2016,10,0.0,0.0,459.23250391954105,548.7866905098523,766.997132814118,-0.099308,0.66
2016,11,-0.00204445,0.00532934,458.84745868769414,548.9045158402165,768.0171021488278,-0.812071,0.74
2016,12,0.03286119,0.0040773,459.5529867076255,549.1566499307847,771.7186594630285,-0.277206,0.87
2017,1,0.0,0.0,459.32575109964773,549.5601424731506,772.978807724671,-0.219309,0.83
2017,2,-0.01980009,-0.00056198,458.9402527246373,549.7192815154804,775.3584919204277,-0.216961,0.82
2017,3,-0.0400839,-0.00651283,459.56166963830185,549.6725504355929,776.9302560994993,-0.203503,1.01
2017,4,0.0,0.0,460.5586099484081,549.795889623709,776.6124482389016,-0.147858,1.04
2017,5,0.00455734,0.00915509,460.6449367486472,549.7184618601453,778.1284636954986,-0.198416,1.12
2017,6,0.01192735,0.00709012,460.8534520263517,549.7836035045509,779.7287165075599,-0.158448,1.2
2017,7,-0.00780455,-0.00530491,460.603481209119,549.8163631351514,780.5515374236858,-0.179566,1.22
2017,8,0.0,0.0,460.148640920634,550.2004870500302,780.6378861802525,-0.093357,1.23
2017,9,0.02955716,0.01214433,460.2649010494376,550.709826702641,782.1177901760784,-0.297273,1.28
2017,10,0.0,0.0,461.50145706350986,550.7873019073535,784.6589975291187,-0.239639,1.4
2017,11,-0.00419849,0.0060133,461.75857923825026,551.0537473687855,786.0806006618643,-0.172593,1.56
2017,12,-0.00741723,0.0016055,461.9931696808708,551.2642146554028,788.7711651144195,-0.239908,1.7
2018,1,0.00871585,-0.00362861,461.9912975042239,551.6886471015856,793.3725187658135,-0.44875,1.8
2018,2,0.0,0.0,462.2340921521053,551.9575140902034,790.2916339254042,-0.286209,1.96
2018,3,-0.02146824,0.0199818,462.68759032201035,551.976748481354,790.2032452016005,-0.150565,2.06
2018,4,0.0,0.0,463.81706317897954,552.2368505879615,788.368379296538,-0.342032,2.15
2018,5,-0.01109574,0.00591795,462.87011485144563,552.4623910323381,790.1558751630037,-0.251291,2.27
2018,6,0.0169643,0.00084061,463.6916884300672,552.5524649707929,792.0936759085807,-0.024919,2.33
2018,7,0.0,0.0,463.8180307124272,552.6305165525123,793.5100683984929,-0.181689,2.39
2018,8,-0.00274905,-0.00020653,464.4953240997549,552.8090890938355,795.7814375400751,-0.132087,2.45
2018,9,-0.01295645,0.01399858,464.53884783168434,553.015104905668,797.2983123630663,-0.226814,2.56
2018,10,0.0,0.0,464.3714709037904,553.2487896644745,793.2168309278783,-0.033147,2.65
2018,11,-0.00355321,0.00769513,464.4512045648992,553.1783456665163,790.9573954769609,0.1040374,2.7
2018,12,0.06758293,-0.04456093,464.4824458986872,553.2468115777195,785.0613937117014,0.3101799,2.66
2019,1,-0.0584845,0.03371235,463.82161050478993,553.1652803697076,786.6104999983156,0.1490133,2.58
2019,2,0.0,0.0,463.3029486642152,553.4649564064249,792.1121903598888,0.0378128,2.55
2019,3,-0.0464413,0.01384414,463.31364586914293,553.8424223980678,793.8795115461426,-0.163963,2.49
2019,4,0.0,0.0,462.766330830145,554.2176853455601,797.3775503049587,-0.029638,2.42
2019,5,-0.03563227,-0.01123643,462.9058572836592,554.2423656282941,795.6725540748764,-0.05383,2.34
2019,6,-0.04800222,-0.01968537,463.0277346787821,554.2098490612086,796.9070602905854,-0.018152,2.0
2019,7,0.03200914,0.01563287,462.50286940758514,554.4403707722464,800.5070059583936,-0.072381,1.96
2019,8,0.0,0.0,463.2604402798421,554.5318059592794,797.1603575213907,-0.201741,1.77
2019,9,0.03790084,-0.00660881,462.9473454501211,554.6855722882189,800.0403149150214,-0.291446,1.8
2019,10,-0.01505898,0.02654714,462.09234491941953,554.9679015936231,799.8899752802726,-0.279474,1.61
2019,11,0.0,0.0,462.64364475312556,555.2490482662294,804.0736787729788,-0.230413,1.57
2019,12,-0.01178738,0.00818823,462.44050050528597,555.5398468889944,806.3613940584643,-0.331442,1.55
2020,1,0.00273794,0.00610612,461.84535699048547,555.731828900884,809.504977025526,-0.29888,1.53
2020,2,0.0,0.0,462.17499784679126,555.7792847109637,809.4778242942978,-0.214183,1.41
2020,3,-0.12078041,-0.04311313,458.0938966939347,555.3254115186731,788.3216399317193,,0.33
2020,4,0.00417137,-0.01832055,443.889361716295,554.5302436667713,792.3703092813404,,0.18
2020,5,0.0,0.0,445.44728697641733,554.4403707722464,797.9208749807474,,0.16
2020,6,-0.03643743,0.03416464,451.82442598928844,554.9239495667466,804.0659487566776,,0.18
2020,7,-0.0061468,0.00206576,455.3915838210533,555.4322996139265,807.3284508104855,,0.15
2020,8,0.0,0.0,456.3612504249679,555.8047395230248,812.9089497973844,,0.13
2020,9,-0.02467076,0.02372297,456.3216301121582,556.067009248742,812.1337762086505,,0.13
2020,10,0.0,0.0,456.9808258137197,556.1907802037413,813.7015640834821,,0.13
2020,11,-0.00258443,0.00147836,457.4225293567237,556.4179353001697,817.4418334947401,,0.12
2020,12,0.00979893,-0.0095464,458.7045929439423,556.8516244737962,821.4819727021455,,0.1
2021,1,0.02122917,-0.01946074,459.32342350955855,557.0780465692942,824.1110254807808,,0.1
2021,2,0.0,0.0,455.92016373149573,557.4330369461162,826.4474062719781,,0.07
2021,3,-0.03592081,0.0278031,458.6933911320884,557.9152300760062,827.1423079256143,,0.08
2021,4,-0.00567,0.00118672,458.8346457364268,558.5843176791515,832.8736050362282,,0.06
2021,5,0.0,0.0,459.700393272165,559.2493308116134,833.5155594301916,,0.05
2021,6,0.04072015,-0.01822849,460.1646986804304,560.1048137201335,835.1962352720443,,0.07
2021,7,-0.00985871,0.01207085,460.5837962975401,560.5673381545881,838.1077891949277,,0.08
2021,8,0.0,0.0,460.55821011393954,560.8562957408569,840.1604995336296,,0.07
2021,9,-0.0222304,0.0222304,459.5074394556046,561.2916405148827,839.965662538372,,0.08
2021,10,0.0,0.0,460.8705927879219,562.2312081658138,840.3063225169388,,0.11
2021,11,-0.01096217,0.01688405,461.77744178711055,563.0580758395195,844.8355307918026,,0.18
2021,12,-0.01932448,0.05458144,461.70473721339835,563.7664039444742,844.993524265157,,0.3
2022,1,0.00886403,-0.01676375,461.724301522233,564.3827212102196,842.8104020944368,,0.55
2022,2,0.0,0.0,462.345990470914,565.0821123167954,839.7503839893819,,1.0
2022,3,0.09335205,0.00427676,463.1551128644394,566.1108071040682,838.7373758081478,,1.34
2022,4,0.0,0.0,463.37809661831733,566.4979274332306,838.7380589794747,,1.89
2022,5,-0.00692038,-0.02475022,463.4397865453375,567.4350231072438,830.4089075896125,,2.06
2022,6,0.15202359,0.0831479,463.30032281172475,568.7219394356731,826.8462565099398,,2.65
2022,7,-0.00586937,0.00018432,463.5219159338282,568.6771945822794,827.173501036792,,3.02
2022,8,0.0,0.0,463.63810209300976,568.7524358153115,833.2924139484084,,3.28
2022,9,0.12598361,-0.0351044,463.98865389563565,569.1780741114604,825.5963483096448,,3.89
2022,10,0.0,0.0,463.9032336887572,569.7023014223633,822.3103970287815,,4.43
2022,11,-0.07990264,0.00398395,463.5755645502677,569.9466507588555,827.3206421578544,,4.73
2022,12,0.11162891,-0.02478686,462.32713666445136,569.9801226661965,827.1901163451529,,4.68
2023,1,0.0,0.0,463.2275495439316,570.5301320625471,828.4165957027847,,4.69
2023,2,-0.00303476,0.01334272,463.27882713047444,570.8690411008785,831.3773832949756,,4.93
2023,3,-0.03086603,0.00310537,463.29244484052185,570.9244198915542,828.6158587479257,,4.68
2023,4,0.0,0.0,463.6902352916029,571.3264048795419,832.3965174823479,,4.68
2023,5,0.00215173,0.01621782,463.45435341408853,571.4775166352928,832.9940295531858,,4.91
2023,6,0.06780029,-0.01551201,462.8700171770247,571.7353306285935,837.6866189424959,,5.24
2023,7,-0.00332554,0.00728776,463.54297135380887,571.904868415993,841.3626621231131,,5.37
2023,8,0.0,0.0,463.5651863220353,572.4035980683444,840.2311941504298,,5.37
2023,9,0.03566603,0.01534849,463.7715785442596,572.8065247176042,839.1425865980748,,5.44
2023,10,0.0,0.0,463.0624459660516,572.8972524479765,835.9228581126999,,5.42
2023,11,-0.00764387,-0.00614386,463.3629354728054,573.0382210619599,840.2917497838419,,5.28
2023,12,-0.06519099,0.01371182,463.1139056984855,573.2483303766044,845.2131866974165,,4.96
2024,1,0.02881069,-0.00764127,461.98912967694844,573.5907560461455,847.7306176333119,,4.79
2024,2,0.0,0.0,463.20720636712355,573.9863649227149,851.9582335138143,,4.92
2024,3,-0.02471372,0.00367937,463.0044245530603,574.3346077733961,855.0738212875908,,4.99
2024,4,0.0,0.0,462.84647485911137,574.6254307444525,853.9441844358925,,5.14
2024,5,-0.01052562,0.00354761,463.45318814267256,574.6650374883377,856.3166057392052,,5.16
2024,6,0.00865293,0.00678953,463.71861610810515,574.6621633332193,859.6954013209835,,5.11
2024,7,-0.00027702,0.01648171,463.0050098109981,574.800986423121,861.9388703730907,,4.9
2024,8,0.0,0.0,463.49192613886856,574.9810096357824,860.8533684247068,,4.43
2024,9,-0.09070925,-0.04335803,463.0793097423589,575.2099511045318,863.4311117047089,,4.03
